candidate,mean_f1,std_f1,mean_precision,mean_recall,mean_accuracy,mean_average_precision,mean_leaves,params,tuned,indicator
expanded_28,0.4736076176290454,0.011109325707045857,0.4662098710477246,0.4823998481638713,0.8746130812830222,0.39890529587249035,66.2,"{""ccp_alpha"": 0.0005, ""class_weight"": {""0"": 1, ""1"": 4}, ""criterion"": ""entropy"", ""max_depth"": 12, ""max_leaf_nodes"": 128, ""min_samples_leaf"": 20}",True,True
expanded_40,0.4734819059354389,0.010486056341206218,0.4651131872998587,0.48358327681345087,0.8742258061297937,0.3980118306984943,39.8,"{""ccp_alpha"": 0.0005, ""class_weight"": {""0"": 1, ""1"": 2}, ""criterion"": ""entropy"", ""max_depth"": 12, ""max_leaf_nodes"": 64, ""min_samples_leaf"": 50}",True,True
expanded_31,0.4728533652541853,0.008918835826891543,0.4702349967362225,0.47601268278250874,0.875857309452525,0.3952518002365866,75.2,"{""ccp_alpha"": 0.0005, ""class_weight"": ""balanced"", ""criterion"": ""entropy"", ""max_depth"": 10, ""max_leaf_nodes"": 128, ""min_samples_leaf"": 20}",True,True
expanded_11,0.4724332614983718,0.008531613514030938,0.4612528757972127,0.4861798420792618,0.8729263408529724,0.3991665450819696,64.0,"{""ccp_alpha"": 0.0001, ""class_weight"": {""0"": 1, ""1"": 4}, ""criterion"": ""gini"", ""max_depth"": 12, ""max_leaf_nodes"": 64, ""min_samples_leaf"": 50}",True,True
expanded_45,0.4721947074983405,0.003892040643777445,0.4582213088944478,0.48877361623976706,0.8722073372660197,0.38806477862238625,32.0,"{""ccp_alpha"": 0.0, ""class_weight"": {""0"": 1, ""1"": 4}, ""criterion"": ""entropy"", ""max_depth"": 10, ""max_leaf_nodes"": 32, ""min_samples_leaf"": 50}",True,True
expanded_21,0.47215874735982943,0.009780116512940256,0.46627869413860096,0.4800371775226708,0.8744470221251543,0.4022913598198401,64.0,"{""ccp_alpha"": 0.0001, ""class_weight"": {""0"": 1, ""1"": 4}, ""criterion"": ""entropy"", ""max_depth"": 12, ""max_leaf_nodes"": 64, ""min_samples_leaf"": 50}",True,True
expanded_12,0.4708169855567183,0.004110632643994379,0.4566153743534483,0.48783050175700077,0.8716818948082279,0.37940102683877336,24.8,"{""ccp_alpha"": 0.001, ""class_weight"": {""0"": 1, ""1"": 2}, ""criterion"": ""entropy"", ""max_depth"": 10, ""max_leaf_nodes"": 32, ""min_samples_leaf"": 20}",True,True
expanded_19,0.4707967102293689,0.006823846491341179,0.4534145134631351,0.48995899866306053,0.8711290382937144,0.4040616616580587,64.0,"{""ccp_alpha"": 0.0001, ""class_weight"": {""0"": 1, ""1"": 2}, ""criterion"": ""entropy"", ""max_depth"": 12, ""max_leaf_nodes"": 64, ""min_samples_leaf"": 50}",True,True
expanded_15,0.47028014361283876,0.007864807115424213,0.4549325448630402,0.48877249979764487,0.8711015095658124,0.39937977394071394,127.6,"{""ccp_alpha"": 0.0001, ""class_weight"": ""balanced"", ""criterion"": ""entropy"", ""max_depth"": 10, ""max_leaf_nodes"": 128, ""min_samples_leaf"": 50}",True,True
expanded_18,0.46891948411510487,0.005901409678475304,0.4489916425375652,0.49327176155029145,0.8693594976270902,0.3986169872600881,64.0,"{""ccp_alpha"": 0.0001, ""class_weight"": {""0"": 1, ""1"": 4}, ""criterion"": ""gini"", ""max_depth"": 10, ""max_leaf_nodes"": 64, ""min_samples_leaf"": 20}",True,True
expanded_16,0.46843150251678134,0.0071287452507928905,0.43498349998644237,0.5083936909855671,0.865018681273023,0.3989648394532029,128.0,"{""ccp_alpha"": 0.0, ""class_weight"": {""0"": 1, ""1"": 2}, ""criterion"": ""entropy"", ""max_depth"": 10, ""max_leaf_nodes"": 128, ""min_samples_leaf"": 20}",True,True
expanded_25,0.45789372652393484,0.016358586664172108,0.46242821653125804,0.45402965828497743,0.8744193596142095,0.3831569094432276,32.0,"{""ccp_alpha"": 0.0, ""class_weight"": null, ""criterion"": ""gini"", ""max_depth"": 12, ""max_leaf_nodes"": 32, ""min_samples_leaf"": 50}",True,True
expanded_13,0.4560352645105949,0.012570228506219241,0.44300711519325714,0.47081452826133685,0.8686405169743734,0.3877000788219554,45.8,"{""ccp_alpha"": 0.0001, ""class_weight"": {""0"": 1, ""1"": 2}, ""criterion"": ""gini"", ""max_depth"": 12, ""max_leaf_nodes"": 64, ""min_samples_leaf"": 50}",True,True
expanded_27,0.4550095483435303,0.006620029404956554,0.45603392564062856,0.4545074955132982,0.8726775961297101,0.39140563847823273,64.0,"{""ccp_alpha"": 0.0, ""class_weight"": {""0"": 1, ""1"": 2}, ""criterion"": ""gini"", ""max_depth"": 12, ""max_leaf_nodes"": 64, ""min_samples_leaf"": 100}",True,True
expanded_26,0.45433872864231234,0.011428842330937071,0.44623561377730114,0.46396571406242587,0.8698019372625566,0.369022567252111,21.4,"{""ccp_alpha"": 0.001, ""class_weight"": {""0"": 1, ""1"": 2}, ""criterion"": ""entropy"", ""max_depth"": 8, ""max_leaf_nodes"": 128, ""min_samples_leaf"": 50}",True,True
expanded_29,0.4538566681234559,0.012726502502281925,0.4438238878175162,0.467502881816228,0.8686682673998896,0.3957132955504005,126.0,"{""ccp_alpha"": 0.0001, ""class_weight"": {""0"": 1, ""1"": 2}, ""criterion"": ""entropy"", ""max_depth"": 10, ""max_leaf_nodes"": 128, ""min_samples_leaf"": 100}",True,True
expanded_02,0.45298240697678105,0.015018728703318926,0.43968447851984205,0.4679843474814461,0.8679219185589225,0.3718594325724071,27.2,"{""ccp_alpha"": 0.0005, ""class_weight"": ""balanced"", ""criterion"": ""gini"", ""max_depth"": 8, ""max_leaf_nodes"": 32, ""min_samples_leaf"": 20}",True,True
expanded_04,0.45235578956223865,0.012664930954780532,0.44558649978082654,0.4604196147716458,0.8697466657538839,0.371856168533411,23.6,"{""ccp_alpha"": 0.001, ""class_weight"": {""0"": 1, ""1"": 4}, ""criterion"": ""entropy"", ""max_depth"": 8, ""max_leaf_nodes"": 128, ""min_samples_leaf"": 50}",True,True
expanded_34,0.4520283100520689,0.010652073925185168,0.4473717653011497,0.45899391818153906,0.8699954678127362,0.39146091352330137,64.0,"{""ccp_alpha"": 0.0001, ""class_weight"": {""0"": 1, ""1"": 2}, ""criterion"": ""entropy"", ""max_depth"": 10, ""max_leaf_nodes"": 64, ""min_samples_leaf"": 100}",True,True
expanded_01,0.4519602316604985,0.010484777935203174,0.44528020527879375,0.459226138142966,0.8697192784537707,0.3959947840946111,128.0,"{""ccp_alpha"": 0.0001, ""class_weight"": {""0"": 1, ""1"": 4}, ""criterion"": ""entropy"", ""max_depth"": 12, ""max_leaf_nodes"": 128, ""min_samples_leaf"": 100}",True,True
expanded_20,0.4515557698148366,0.012194018306486046,0.4439564017882516,0.460656021391031,0.8692489469649998,0.38066145844108823,32.0,"{""ccp_alpha"": 0.0, ""class_weight"": {""0"": 1, ""1"": 4}, ""criterion"": ""entropy"", ""max_depth"": 8, ""max_leaf_nodes"": 32, ""min_samples_leaf"": 50}",True,True
expanded_30,0.45142486651487246,0.0136537822899802,0.43960693188682437,0.4653835955576768,0.8678665056224617,0.37603963779148264,38.6,"{""ccp_alpha"": 0.0005, ""class_weight"": {""0"": 1, ""1"": 4}, ""criterion"": ""entropy"", ""max_depth"": 8, ""max_leaf_nodes"": 128, ""min_samples_leaf"": 20}",True,True
expanded_32,0.4510402402890642,0.009177459469377829,0.459163128216652,0.4443367077796478,0.8735622804596372,0.38837156469793543,50.8,"{""ccp_alpha"": 0.0005, ""class_weight"": {""0"": 1, ""1"": 4}, ""criterion"": ""entropy"", ""max_depth"": 10, ""max_leaf_nodes"": 64, ""min_samples_leaf"": 100}",True,True
expanded_41,0.4508601809062599,0.00979509960539329,0.4787511384864759,0.42613814296599595,0.8785391893152757,0.36010818427958946,15.0,"{""ccp_alpha"": 0.001, ""class_weight"": {""0"": 1, ""1"": 4}, ""criterion"": ""gini"", ""max_depth"": 12, ""max_leaf_nodes"": 32, ""min_samples_leaf"": 100}",True,True
expanded_24,0.45056515201750946,0.013713874314462676,0.44215016321055833,0.46042017299270677,0.8688066296454586,0.3710024207775251,26.2,"{""ccp_alpha"": 0.001, ""class_weight"": ""balanced"", ""criterion"": ""entropy"", ""max_depth"": 8, ""max_leaf_nodes"": 32, ""min_samples_leaf"": 20}",True,True
expanded_17,0.44961282032421435,0.0054231857878615465,0.45576332431278654,0.4462290771768528,0.8722072608185665,0.3731168807145882,23.8,"{""ccp_alpha"": 0.0005, ""class_weight"": {""0"": 1, ""1"": 4}, ""criterion"": ""gini"", ""max_depth"": 12, ""max_leaf_nodes"": 32, ""min_samples_leaf"": 100}",True,True
expanded_35,0.44905131385904407,0.014372221242452915,0.4485950290529807,0.4528526491776009,0.8703546829282631,0.39247474769188256,128.0,"{""ccp_alpha"": 0.0, ""class_weight"": null, ""criterion"": ""entropy"", ""max_depth"": 12, ""max_leaf_nodes"": 128, ""min_samples_leaf"": 50}",True,True
expanded_07,0.4461716757395321,0.008593537422724114,0.4508493493950949,0.4433924768547592,0.8712950018922656,0.3862761429459597,32.0,"{""ccp_alpha"": 0.0001, ""class_weight"": null, ""criterion"": ""entropy"", ""max_depth"": 12, ""max_leaf_nodes"": 32, ""min_samples_leaf"": 100}",True,True
expanded_14,0.44354083649341386,0.00929289835146788,0.41241579957625635,0.4864235055724417,0.8573596020543113,0.37807383868051087,64.0,"{""ccp_alpha"": 0.0001, ""class_weight"": {""0"": 1, ""1"": 2}, ""criterion"": ""entropy"", ""max_depth"": 8, ""max_leaf_nodes"": 64, ""min_samples_leaf"": 20}",True,True
expanded_33,0.4368769251930279,0.011278183216796314,0.4532438171896375,0.4237849620828344,0.8722348583491761,0.36535374867780124,61.4,"{""ccp_alpha"": 0.0, ""class_weight"": null, ""criterion"": ""gini"", ""max_depth"": 10, ""max_leaf_nodes"": 128, ""min_samples_leaf"": 100}",True,True
expanded_44,0.43475575629290397,0.022103461976191358,0.4504914194919006,0.42590369012032453,0.8710187246187289,0.35131390942585566,17.0,"{""ccp_alpha"": 0.0005, ""class_weight"": null, ""criterion"": ""entropy"", ""max_depth"": 8, ""max_leaf_nodes"": 128, ""min_samples_leaf"": 20}",True,True
expanded_39,0.43116028573717513,0.012314611939174384,0.44357829659996206,0.4202391419025848,0.8703826779856294,0.35515832389610724,17.0,"{""ccp_alpha"": 0.001, ""class_weight"": ""balanced"", ""criterion"": ""gini"", ""max_depth"": 8, ""max_leaf_nodes"": 64, ""min_samples_leaf"": 100}",True,True
expanded_43,0.42818421548404384,0.014031467363035045,0.44666036941556797,0.4119632355609144,0.8714332724008906,0.3707766851222538,64.0,"{""ccp_alpha"": 0.0001, ""class_weight"": ""balanced"", ""criterion"": ""entropy"", ""max_depth"": 8, ""max_leaf_nodes"": 64, ""min_samples_leaf"": 100}",True,True
expanded_38,0.4229054407601554,0.013617085525079151,0.4486717885564538,0.40345092259985876,0.8714335093879957,0.36309493930035097,53.8,"{""ccp_alpha"": 0.0001, ""class_weight"": null, ""criterion"": ""entropy"", ""max_depth"": 8, ""max_leaf_nodes"": 128, ""min_samples_leaf"": 100}",True,True
expanded_06,0.41827962454503415,0.009841720538327292,0.3508612792339396,0.5183202570049765,0.8314254877567301,0.34273358315300884,27.4,"{""ccp_alpha"": 0.0001, ""class_weight"": {""0"": 1, ""1"": 4}, ""criterion"": ""gini"", ""max_depth"": 6, ""max_leaf_nodes"": 32, ""min_samples_leaf"": 50}",True,True
expanded_46,0.41672767842462893,0.00880673166370801,0.35590276777740143,0.5027182574571356,0.8353794226619531,0.3341082018081892,16.6,"{""ccp_alpha"": 0.001, ""class_weight"": ""balanced"", ""criterion"": ""entropy"", ""max_depth"": 6, ""max_leaf_nodes"": 128, ""min_samples_leaf"": 20}",True,True
expanded_22,0.41670833681833486,0.00904457809944071,0.34970622626312586,0.5159561908111231,0.8310107985467798,0.34175200810072504,43.6,"{""ccp_alpha"": 0.0, ""class_weight"": {""0"": 1, ""1"": 4}, ""criterion"": ""gini"", ""max_depth"": 6, ""max_leaf_nodes"": 64, ""min_samples_leaf"": 20}",True,True
capacity_only_tuned,0.41649331469292383,0.009050126197540143,0.3533814097330713,0.5072091458938653,0.8337480645893829,0.34271676651205335,32.0,"{""class_weight"": ""balanced"", ""criterion"": ""gini"", ""max_depth"": 6, ""max_leaf_nodes"": 32, ""min_samples_leaf"": 50}",True,True
v2_tuned,0.41587082825496563,0.009391106881206467,0.3524137798152749,0.5074463898448425,0.8332227673817523,0.34602148760540496,32.0,"{""class_weight"": ""balanced"", ""criterion"": ""entropy"", ""max_depth"": 6, ""max_leaf_nodes"": 32, ""min_samples_leaf"": 50}",True,True
v2_no_indicator_tuned,0.41587082825496563,0.009391106881206467,0.3524137798152749,0.5074463898448425,0.8332227673817523,0.34602148760540496,32.0,"{""class_weight"": ""balanced"", ""criterion"": ""entropy"", ""max_depth"": 6, ""max_leaf_nodes"": 32, ""min_samples_leaf"": 50}",True,False
expanded_05,0.4156401654035816,0.015207464649767037,0.48824649027871275,0.36209064951811565,0.8809445128712857,0.30541629483234967,7.0,"{""ccp_alpha"": 0.001, ""class_weight"": {""0"": 1, ""1"": 2}, ""criterion"": ""gini"", ""max_depth"": 6, ""max_leaf_nodes"": 128, ""min_samples_leaf"": 20}",True,True
expanded_23,0.4153441152392115,0.015206676701421647,0.4869435586826215,0.3623267770269704,0.8807233350996517,0.30532661914513554,7.2,"{""ccp_alpha"": 0.0005, ""class_weight"": {""0"": 1, ""1"": 2}, ""criterion"": ""gini"", ""max_depth"": 6, ""max_leaf_nodes"": 128, ""min_samples_leaf"": 20}",True,True
expanded_47,0.4150968343080031,0.010771611988976562,0.34925507830410263,0.5121742431220188,0.8311490270093056,0.3405165756755114,48.8,"{""ccp_alpha"": 0.0, ""class_weight"": {""0"": 1, ""1"": 2}, ""criterion"": ""entropy"", ""max_depth"": 6, ""max_leaf_nodes"": 64, ""min_samples_leaf"": 20}",True,True
expanded_10,0.41336709216080114,0.010501998132539568,0.3482455528659206,0.5091012361805399,0.8309278186586905,0.34063953468998825,49.8,"{""ccp_alpha"": 0.0, ""class_weight"": ""balanced"", ""criterion"": ""entropy"", ""max_depth"": 6, ""max_leaf_nodes"": 64, ""min_samples_leaf"": 20}",True,True
expanded_37,0.4124399914088321,0.01743666591581204,0.4329679835924172,0.41973813850022745,0.8613965818279589,0.3312209835889502,34.8,"{""ccp_alpha"": 0.0001, ""class_weight"": null, ""criterion"": ""entropy"", ""max_depth"": 6, ""max_leaf_nodes"": 128, ""min_samples_leaf"": 50}",True,True
expanded_08,0.41147468057872183,0.018341790572696068,0.4882325279401837,0.35618020492295155,0.8809721639151127,0.3033917573633955,7.0,"{""ccp_alpha"": 0.001, ""class_weight"": null, ""criterion"": ""gini"", ""max_depth"": 6, ""max_leaf_nodes"": 128, ""min_samples_leaf"": 20}",True,True
capacity_only_fixed,0.40921719284631664,0.014220844067468475,0.32900067391959376,0.5419489171906966,0.8167721354843047,0.34271676651205335,32.0,"{""class_weight"": ""balanced"", ""criterion"": ""gini"", ""max_depth"": 6, ""max_leaf_nodes"": 32, ""min_samples_leaf"": 50}",False,True
v2_fixed,0.408058776484508,0.014259225697444982,0.328553019764653,0.5391128750896643,0.8168551077276487,0.34602148760540496,32.0,"{""class_weight"": ""balanced"", ""criterion"": ""entropy"", ""max_depth"": 6, ""max_leaf_nodes"": 32, ""min_samples_leaf"": 50}",False,True
expanded_48,0.4051622494420196,0.010753439783628142,0.34808898551230083,0.4852291916121703,0.8331677519720481,0.3275288406250021,14.6,"{""ccp_alpha"": 0.0005, ""class_weight"": {""0"": 1, ""1"": 4}, ""criterion"": ""gini"", ""max_depth"": 6, ""max_leaf_nodes"": 128, ""min_samples_leaf"": 100}",True,True
expanded_03,0.4049513417872369,0.011057493837459765,0.3515083383964974,0.47766417979183934,0.8357389435672926,0.3339246828210213,24.2,"{""ccp_alpha"": 0.0005, ""class_weight"": ""balanced"", ""criterion"": ""entropy"", ""max_depth"": 6, ""max_leaf_nodes"": 32, ""min_samples_leaf"": 100}",True,True
expanded_42,0.3955069165611187,0.04038794493895318,0.39255985780375297,0.45046625414130254,0.8433709030519771,0.33186475757787837,13.0,"{""ccp_alpha"": 0.001, ""class_weight"": {""0"": 1, ""1"": 4}, ""criterion"": ""gini"", ""max_depth"": 6, ""max_leaf_nodes"": 128, ""min_samples_leaf"": 20}",True,True
v1_fixed,0.3836636951463606,0.009665253434270977,0.3000529537210803,0.5320282124924292,0.8000719790995721,0.3052597490838573,8.0,"{""class_weight"": ""balanced"", ""criterion"": ""gini"", ""max_depth"": 5, ""max_leaf_nodes"": 8, ""min_samples_leaf"": 150}",False,False
v1_tuned,0.3823700668182145,0.008722232284415996,0.3062906886395494,0.509101794401601,0.8076199075436857,0.3052597490838573,8.0,"{""class_weight"": ""balanced"", ""criterion"": ""gini"", ""max_depth"": 5, ""max_leaf_nodes"": 8, ""min_samples_leaf"": 150}",True,False
expanded_36,0.3763843877625287,0.05556869327604565,0.4397071609071185,0.3899514626787354,0.8565586276856516,0.3416355406191002,18.2,"{""ccp_alpha"": 0.0005, ""class_weight"": {""0"": 1, ""1"": 2}, ""criterion"": ""entropy"", ""max_depth"": 6, ""max_leaf_nodes"": 128, ""min_samples_leaf"": 20}",True,True
expanded_09,0.37520175122246535,0.04791878431970879,0.4991528865359607,0.3299100426760001,0.8750285731912312,0.32322489293528867,11.6,"{""ccp_alpha"": 0.0005, ""class_weight"": null, ""criterion"": ""entropy"", ""max_depth"": 6, ""max_leaf_nodes"": 64, ""min_samples_leaf"": 100}",True,True
