candidate,fold,threshold,f1,precision,recall,accuracy,average_precision,leaves
v1_fixed,1,0.5,0.37368199072121466,0.2904918032786885,0.5236406619385343,0.7947193807022395,0.2927498160925868,8
v1_fixed,2,0.5,0.3776164032464759,0.2956521739130435,0.5224586288416075,0.7985899917058336,0.29829843805932943,8
v1_fixed,3,0.5,0.3829787234042553,0.30288461538461536,0.5206611570247934,0.8035664915675974,0.31323674209091645,8
v1_fixed,4,0.5,0.3989962358845671,0.3087378640776699,0.5638297872340425,0.8013272501036914,0.3143365213384125,8
v1_fixed,5,0.5,0.38504512247529005,0.3024983119513842,0.5295508274231678,0.8021567814184986,0.3076772278380413,8
v1_tuned,1,0.7023098635875872,0.37037037037037035,0.29535864978902954,0.49645390070921985,0.8025988388166989,0.2927498160925868,8
v1_tuned,2,0.6842095818738543,0.37771739130434784,0.30616740088105726,0.4929078014184397,0.8100635886093448,0.29829843805932943,8
v1_tuned,3,0.6907017025541153,0.38524590163934425,0.31356560415122314,0.49940968122786306,0.8133812551838541,0.31323674209091645,8
v1_tuned,4,0.6743505573295903,0.3934715483017203,0.3138634764250528,0.5271867612293144,0.8098990736900318,0.3143365213384125,8
v1_tuned,5,0.6585920918568025,0.38504512247529005,0.3024983119513842,0.5295508274231678,0.8021567814184986,0.3076772278380413,8
capacity_only_fixed,1,0.5,0.4059539918809202,0.3282275711159737,0.5319148936170213,0.8179430467238042,0.3292983539982411,32
capacity_only_fixed,2,0.5,0.3992723965438836,0.3244641537324464,0.5189125295508275,0.8173901022947194,0.33606170389313156,32
capacity_only_fixed,3,0.5,0.3948030176026823,0.3060428849902534,0.5560802833530106,0.8003870611003594,0.34765120424330215,32
capacity_only_fixed,4,0.5,0.4304485727231536,0.349008082292432,0.5614657210401891,0.8262131895479055,0.35120103216954524,32
capacity_only_fixed,5,0.5,0.41560798548094374,0.33726067746686306,0.541371158392435,0.8219272777547353,0.34937153825604705,32
capacity_only_tuned,1,0.7095716750847992,0.4083011583011583,0.3450244698205546,0.5,0.8305225324854852,0.3292983539982411,32
capacity_only_tuned,2,0.6989709548677016,0.4066797642436149,0.34789915966386553,0.48936170212765956,0.8330107824163672,0.33606170389313156,32
capacity_only_tuned,3,0.7296552233904017,0.42167487684729066,0.3617920540997464,0.5053128689492326,0.8377108100635886,0.34765120424330215,32
capacity_only_tuned,4,0.7062879926193565,0.42815533980582526,0.36326194398682043,0.5212765957446809,0.8371353518595327,0.35120103216954524,32
capacity_only_tuned,5,0.6749443471871021,0.41765543426672996,0.34892942109436953,0.5200945626477541,0.830360846121941,0.34937153825604705,32
v2_fixed,1,0.5,0.4044943820224719,0.3263234227701233,0.5319148936170213,0.8168371578656345,0.3311222553539256,32
v2_fixed,2,0.5,0.3992723965438836,0.3244641537324464,0.5189125295508275,0.8173901022947194,0.3387521717589154,32
v2_fixed,3,0.5,0.3937736642827093,0.3058823529411765,0.5525383707201889,0.8008017694221731,0.3598037630731585,32
v2_fixed,4,0.5,0.4304485727231536,0.349008082292432,0.5614657210401891,0.8262131895479055,0.35128990311916997,32
v2_fixed,5,0.5,0.4123048668503214,0.33708708708708707,0.5307328605200946,0.8230333195078114,0.3491393447218552,32
v2_tuned,1,0.7095716750847992,0.40627973358705993,0.33996815286624205,0.5047281323877069,0.8274813381255184,0.3311222553539256,32
v2_tuned,2,0.720872003873057,0.4066797642436149,0.34789915966386553,0.48936170212765956,0.8330107824163672,0.3387521717589154,32
v2_tuned,3,0.7296552233904017,0.4205838693715982,0.36201022146507666,0.5017709563164109,0.8381255183854023,0.3598037630731585,32
v2_tuned,4,0.7062879926193565,0.42815533980582526,0.36326194398682043,0.5212765957446809,0.8371353518595327,0.35128990311916997,32
v2_tuned,5,0.6749443471871021,0.41765543426672996,0.34892942109436953,0.5200945626477541,0.830360846121941,0.3491393447218552,32
v2_no_indicator_tuned,1,0.7095716750847993,0.40627973358705993,0.33996815286624205,0.5047281323877069,0.8274813381255184,0.3311222553539256,32
v2_no_indicator_tuned,2,0.7208720038730573,0.4066797642436149,0.34789915966386553,0.48936170212765956,0.8330107824163672,0.3387521717589154,32
v2_no_indicator_tuned,3,0.7296552233904025,0.4205838693715982,0.36201022146507666,0.5017709563164109,0.8381255183854023,0.3598037630731585,32
v2_no_indicator_tuned,4,0.7062879926193619,0.42815533980582526,0.36326194398682043,0.5212765957446809,0.8371353518595327,0.35128990311916997,32
v2_no_indicator_tuned,5,0.6749443471871018,0.41765543426672996,0.34892942109436953,0.5200945626477541,0.830360846121941,0.3491393447218552,32
expanded_01,1,0.5743589743589743,0.44776119402985076,0.43526785714285715,0.46099290780141844,0.8670168648050871,0.38108681451621346,128
expanded_01,2,0.6182965299684543,0.4403341288782816,0.44457831325301206,0.43617021276595747,0.8703345313795964,0.3832354532066429,128
expanded_01,3,0.5550239234449761,0.4508150646430579,0.4302575107296137,0.4734356552538371,0.8649433231960189,0.407331596604839,128
expanded_01,4,0.5669291338582677,0.45203060623896407,0.4501758499413834,0.45390070921985815,0.8712843909857597,0.399392133607992,128
expanded_01,5,0.5751633986928104,0.4688601645123384,0.4661214953271028,0.4716312056737589,0.8750172819023918,0.4089279225373681,128
expanded_02,1,0.7023280362193943,0.4617996604414261,0.44299674267100975,0.48226950354609927,0.8685374619850705,0.36838903196815914,30
expanded_02,2,0.7654379938262069,0.43557582668187,0.42070484581497797,0.4515366430260047,0.8631462538014929,0.35631094028365906,26
expanded_02,3,0.7803738317757016,0.4383727990285367,0.45125,0.42621015348288077,0.8721316007741222,0.3731784475425286,24
expanded_02,4,0.7668905538822035,0.46016713091922007,0.4351949420442571,0.48817966903073284,0.8660306926586478,0.38133925565998633,28
expanded_02,5,0.7662146881074515,0.4689966178128523,0.4482758620689655,0.491725768321513,0.8697635835752799,0.38007948740770253,28
expanded_03,1,0.7095716750847992,0.39215686274509803,0.33500837520938026,0.4728132387706856,0.8285872269836881,0.32222559490132896,26
expanded_03,2,0.720872003873057,0.3945646703573226,0.34355828220858897,0.46335697399527187,0.8337019629527233,0.32433740744696005,23
expanded_03,3,0.7296552233904017,0.4111111111111111,0.3592233009708738,0.4805194805194805,0.8388166989217584,0.3388345225048365,21
expanded_03,4,0.6945969040959283,0.41762643965948926,0.3622936576889661,0.4929078014184397,0.8392091801465505,0.3413133172622753,25
expanded_03,5,0.7059607976175359,0.4092976250631632,0.3574580759046778,0.4787234042553192,0.8383796488317434,0.34291257198970576,26
expanded_04,1,0.6518518518518519,0.44749403341288785,0.45180722891566266,0.4432624113475177,0.871993364666851,0.3620840503203175,23
expanded_04,2,0.6530612244897959,0.4427832087406556,0.4311310190369541,0.45508274231678486,0.8660492120541885,0.3635228232328276,23
expanded_04,3,0.6530612244897959,0.44090630740967546,0.4580152671755725,0.42502951593860683,0.8737904340613768,0.37480349959376347,24
expanded_04,4,0.5643153526970954,0.4598088813940416,0.43837084673097537,0.483451536643026,0.867136734411724,0.3810904572895212,23
expanded_04,5,0.5238095238095238,0.4707865168539326,0.4486081370449679,0.49527186761229314,0.8697635835752799,0.37778001223062524,25
expanded_05,1,0.5255972696245734,0.43066666666666664,0.4938837920489297,0.3817966903073286,0.8819463643903788,0.30680556975989476,7
expanded_05,2,0.5173611111111112,0.39014373716632444,0.4634146341463415,0.33687943262411346,0.8768316284213437,0.28680281534847607,7
expanded_05,3,0.4249726177437021,0.4162646450723639,0.5,0.3565525383707202,0.8829140171412773,0.31271917295443336,7
expanded_05,4,0.4860426929392447,0.4201457919151756,0.4781297134238311,0.3747044917257683,0.8790266832572929,0.3117997549496782,7
expanded_05,5,0.5275862068965518,0.4209799861973775,0.5058043117744611,0.3605200945626478,0.8840038711461358,0.3089541611492657,7
expanded_06,1,0.5632183908045977,0.4101838755304102,0.3411764705882353,0.5141843971631206,0.8270666298037047,0.33403672492221026,27
expanded_06,2,0.5859676175790285,0.408780487804878,0.3480066445182724,0.49527186761229314,0.8324578379872822,0.33223181577811656,28
expanded_06,3,0.5884615384615385,0.42167487684729066,0.3617920540997464,0.5053128689492326,0.8377108100635886,0.3464032069585573,26
expanded_06,4,0.5301204819277109,0.43310344827586206,0.3544018058690745,0.5567375886524822,0.8295313148071339,0.3514886457514783,28
expanded_06,5,0.5238095238095238,0.41765543426672996,0.34892942109436953,0.5200945626477541,0.830360846121941,0.3495075223546818,28
expanded_07,1,0.2482758620689655,0.4391121775644871,0.4457978075517661,0.4326241134751773,0.87074923970141,0.375796499784311,32
expanded_07,2,0.28893058161350843,0.43478260869565216,0.45108005082592123,0.41962174940898345,0.8724080729886646,0.3747815914973701,32
expanded_07,3,0.23770491803278687,0.45357142857142857,0.45738295318127253,0.4498229043683589,0.8730992535250207,0.39453964534175534,32
expanded_07,4,0.22857142857142856,0.4515322076297686,0.47941567065073043,0.42671394799054374,0.8787501728190239,0.3915495582755692,32
expanded_07,5,0.21774193548387097,0.45185995623632386,0.42057026476578413,0.48817966903073284,0.8614682704272086,0.39471341983079267,32
expanded_08,1,0.3492063492063492,0.43037974683544306,0.49312977099236643,0.3817966903073286,0.8818081282831075,0.30674030270644637,7
expanded_08,2,0.3433179723502304,0.38108680310515175,0.47285464098073554,0.3191489361702128,0.8787669339231408,0.28255603697973086,7
expanded_08,3,0.3416856492027335,0.41336971350613916,0.4894991922455573,0.3577331759149941,0.8811169477467514,0.3114200128331856,7
expanded_08,4,0.34772182254196643,0.419035029742234,0.4752623688155922,0.3747044917257683,0.8784736623807549,0.31150117464049876,7
expanded_08,5,0.3533487297921478,0.41350210970464135,0.5104166666666666,0.3475177304964539,0.8846951472418084,0.304741259657116,7
expanded_09,1,0.1962962962962963,0.39514497639919083,0.4599686028257457,0.3463356973995272,0.8760022117777163,0.3145601903847684,10
expanded_09,2,0.28547297297297297,0.39014373716632444,0.4634146341463415,0.33687943262411346,0.8768316284213437,0.2938851406951005,10
expanded_09,3,0.2633390705679862,0.4111111111111111,0.3592233009708738,0.4805194805194805,0.8388166989217584,0.3488565524213746,15
expanded_09,4,0.2815533980582524,0.29097605893186,0.6583333333333333,0.1867612293144208,0.8935434812664178,0.34086967626606973,14
expanded_09,5,0.3720136518771331,0.38863287250384027,0.5548245614035088,0.2990543735224586,0.8899488455689202,0.3179529049091301,9
expanded_10,1,0.6770228801297444,0.4031954887218045,0.3346333853354134,0.5070921985815603,0.8244401437655515,0.332668548799424,49
expanded_10,2,0.639717550729129,0.4039506172839506,0.3469041560644614,0.483451536643026,0.8331490185236384,0.32239104022055187,51
expanded_10,3,0.6536956021183516,0.42016806722689076,0.36139455782312924,0.5017709563164109,0.8378490461708599,0.34888863331465186,48
expanded_10,4,0.6397310823372551,0.4275397207510833,0.3606823720552396,0.524822695035461,0.8356145444490529,0.34870185820151484,48
expanded_10,5,0.5897393727981721,0.4119815668202765,0.3376132930513595,0.5283687943262412,0.8235863403843495,0.3505475929137987,53
expanded_11,1,0.6167400881057269,0.47449856733524354,0.46051167964404893,0.48936170212765956,0.873237489632292,0.39379440192260534,64
expanded_11,2,0.6153846153846154,0.4759751271905031,0.4561213434452871,0.49763593380614657,0.8718551285595798,0.39751298597956874,64
expanded_11,3,0.5787234042553191,0.4600827912477824,0.4609004739336493,0.4592680047225502,0.8737904340613768,0.391902860518088,64
expanded_11,4,0.562962962962963,0.4687666844634277,0.42745861733203505,0.5189125295508275,0.8624360569611503,0.4049122385356825,64
expanded_11,5,0.6376811594202898,0.48284313725490197,0.5012722646310432,0.4657210401891253,0.8833125950504631,0.40771023845390336,64
expanded_12,1,0.445859872611465,0.4707246376811594,0.46188850967007966,0.4799054373522459,0.8737904340613768,0.36773945994014506,22
expanded_12,2,0.4275,0.4682115270350565,0.47072879330943845,0.4657210401891253,0.8762786839922588,0.37346556252540863,25
expanded_12,3,0.46443514644351463,0.470314318975553,0.46383467278989665,0.4769775678866588,0.8742051423831905,0.37630501674434935,26
expanded_12,4,0.40407470288624786,0.4776811594202899,0.46871444823663255,0.48699763593380613,0.8754320475597954,0.39357140395402707,25
expanded_12,5,0.31287128712871287,0.46715328467153283,0.417910447761194,0.5295508274231678,0.8587031660445181,0.38592369102993657,26
expanded_13,1,0.3384615384615385,0.47423887587822017,0.46983758700696054,0.4787234042553192,0.8758639756704452,0.3927467674044361,49
expanded_13,2,0.3488372093023256,0.43919716646989376,0.4386792452830189,0.4397163120567376,0.8686756980923417,0.37427477611047305,38
expanded_13,3,0.38,0.45240893066980026,0.4502923976608187,0.45454545454545453,0.8711639480232236,0.37902636653490174,47
expanded_13,4,0.36065573770491804,0.4580152671755725,0.4251012145748988,0.49645390070921985,0.8625743121802848,0.38807190425483384,47
expanded_13,5,0.3548387096774194,0.45631608235948806,0.43112513144058884,0.4846335697399527,0.8649246509055717,0.4043805798051323,48
expanded_14,1,0.35714285714285715,0.4400921658986175,0.42921348314606744,0.4515366430260047,0.8656345037323749,0.3732545341443627,64
expanded_14,2,0.32,0.4322033898305085,0.3915547024952015,0.48226950354609927,0.8518108930052529,0.36132853407446475,64
expanded_14,3,0.38461538461538464,0.4405339805825243,0.45318352059925093,0.42857142857142855,0.8725463090959359,0.3790629587595945,64
expanded_14,4,0.3076923076923077,0.4567769477054429,0.4163424124513619,0.5059101654846335,0.8592561869210563,0.3857315215097875,64
expanded_14,5,0.27586206896551724,0.4480976984499765,0.37178487918939984,0.5638297872340425,0.8375501175169363,0.39099164491434496,64
expanded_15,1,0.7522218254363829,0.4713302752293578,0.4576837416481069,0.4858156028368794,0.8725463090959359,0.3848849145458724,128
expanded_15,2,0.7459443565087364,0.4620770128354726,0.45622119815668205,0.46808510638297873,0.8725463090959359,0.3877298389186389,128
expanded_15,3,0.7095403630745468,0.4677509814918676,0.44551282051282054,0.4923258559622196,0.868813934199613,0.40888335410617627,128
expanded_15,4,0.692058932363874,0.4671916010498688,0.4202077431539188,0.5260047281323877,0.8596709525784598,0.3975875746109677,126
expanded_15,5,0.7501541442790463,0.4830508474576271,0.49503722084367247,0.4716312056737589,0.8819300428591179,0.41781318752191443,128
expanded_16,1,0.35714285714285715,0.46703296703296704,0.43634496919917864,0.5023640661938534,0.8659109759469173,0.3990183675700329,128
expanded_16,2,0.3875968992248062,0.46059933407325193,0.4341004184100418,0.4905437352245863,0.8656345037323749,0.3842986143895423,128
expanded_16,3,0.3841059602649007,0.46711259754738016,0.4424498416050686,0.4946871310507674,0.8678462814487145,0.3908862898108988,128
expanded_16,4,0.35294117647058826,0.48013245033112584,0.4503105590062112,0.5141843971631206,0.8697635835752799,0.40754036260728366,128
expanded_16,5,0.30434782608695654,0.467280163599182,0.4117117117117117,0.5401891252955082,0.8559380616618277,0.41308056288825656,128
expanded_17,1,0.6167400881057269,0.44579043004239854,0.45714285714285713,0.43498817966903075,0.8735139618468344,0.3607993258596026,22
expanded_17,2,0.6277372262773723,0.44389336639801613,0.4667535853976532,0.4231678486997636,0.8760022117777163,0.3670789861463999,23
expanded_17,3,0.5550239234449761,0.45775913720790895,0.46472019464720193,0.4510035419126328,0.8748963229195466,0.3762281572894961,23
expanded_17,4,0.5362318840579711,0.4515322076297686,0.47941567065073043,0.42671394799054374,0.8787501728190239,0.3832133099051784,25
expanded_17,5,0.5056890012642224,0.4490889603429796,0.4107843137254902,0.49527186761229314,0.857873634729711,0.37826462437226394,26
expanded_18,1,0.5743589743589743,0.47862298722931707,0.4513089005235602,0.5094562647754137,0.8701962952723251,0.3943782932510165,64
expanded_18,2,0.6095238095238096,0.4657687991021324,0.44337606837606836,0.4905437352245863,0.8683992258777993,0.3932135824406877,64
expanded_18,3,0.6530612244897959,0.46345811051693403,0.4665071770334928,0.4604486422668241,0.8751727951340891,0.39159462424215863,64
expanded_18,4,0.631578947368421,0.466824644549763,0.4679334916864608,0.4657210401891253,0.8755703027789299,0.40533454432503413,64
expanded_18,5,0.4766214177978884,0.4699228791773779,0.41583257506824384,0.5401891252955082,0.8574588690723075,0.4085638920415436,64
expanded_19,1,0.3853211009174312,0.47058823529411764,0.4552486187845304,0.48699763593380613,0.8718551285595798,0.3921472574759761,64
expanded_19,2,0.4470588235294118,0.4738355376653249,0.46136618141097424,0.48699763593380613,0.8735139618468344,0.39951391788438106,64
expanded_19,3,0.40718562874251496,0.46600813480534575,0.4588100686498856,0.4734356552538371,0.8729610174177496,0.4056732317090733,64
expanded_19,4,0.3917525773195876,0.4630541871921182,0.43119266055045874,0.5,0.8643716300290336,0.40524942159952826,64
expanded_19,5,0.4,0.48049745618993783,0.46045503791982667,0.5023640661938534,0.872943453615374,0.4177244796213345,64
expanded_20,1,0.6666666666666666,0.44749403341288785,0.45180722891566266,0.4432624113475177,0.871993364666851,0.37005603984705354,32
expanded_20,2,0.6530612244897959,0.4427832087406556,0.4311310190369541,0.45508274231678486,0.8660492120541885,0.36872544120640083,32
expanded_20,3,0.6307053941908713,0.44090630740967546,0.4580152671755725,0.42502951593860683,0.8737904340613768,0.38794508961892005,32
expanded_20,4,0.5643153526970954,0.4558087826570317,0.4302203567681007,0.4846335697399527,0.8646481404673027,0.3865335589158248,32
expanded_20,5,0.5238095238095238,0.4707865168539326,0.4486081370449679,0.49527186761229314,0.8697635835752799,0.3900471626172418,32
expanded_21,1,0.5562913907284768,0.47278911564625853,0.4542483660130719,0.4929078014184397,0.8714404202377661,0.3919276566984027,64
expanded_21,2,0.6178861788617886,0.4774566473988439,0.4671945701357466,0.48817966903073284,0.8750345590268178,0.3938454927872025,64
expanded_21,3,0.6307053941908713,0.4573170731707317,0.4728877679697352,0.4427390791027155,0.8769698645286149,0.4079347627261032,64
expanded_21,4,0.562962962962963,0.46975476839237057,0.435793731041456,0.5094562647754137,0.8654776717821098,0.4052281365746542,64
expanded_21,5,0.6141078838174274,0.4834761321909425,0.501269035532995,0.466903073286052,0.8833125950504631,0.41252075031283797,64
expanded_22,1,0.5185185185185185,0.40582433067167684,0.3367108339828527,0.5106382978723404,0.8251313243019076,0.3314635615497235,46
expanded_22,2,0.4827586206896552,0.4105314480741102,0.34937759336099583,0.49763593380614657,0.8328725463090959,0.33067834321707207,38
expanded_22,3,0.5161290322580645,0.4198136341343796,0.35906040268456374,0.5053128689492326,0.8364666850981476,0.3456177375452521,41
expanded_22,4,0.46511627906976744,0.4293243890752276,0.36099919419822724,0.5295508274231678,0.8353380340107839,0.3445623294077807,42
expanded_22,5,0.42105263157894735,0.4180478821362799,0.34238310708898945,0.5366430260047281,0.8252454030139638,0.35643806878379686,51
expanded_23,1,0.5255972696245734,0.43066666666666664,0.4938837920489297,0.3817966903073286,0.8819463643903788,0.30680556975989476,7
expanded_23,2,0.4470588235294118,0.39014373716632444,0.4634146341463415,0.33687943262411346,0.8768316284213437,0.28680281534847607,7
expanded_23,3,0.3111111111111111,0.41478439425051333,0.49348534201954397,0.3577331759149941,0.8818081282831075,0.3122707945183629,8
expanded_23,4,0.4860426929392447,0.4201457919151756,0.4781297134238311,0.3747044917257683,0.8790266832572929,0.3117997549496782,7
expanded_23,5,0.3548387096774194,0.4209799861973775,0.5058043117744611,0.3605200945626478,0.8840038711461358,0.3089541611492657,7
expanded_24,1,0.7023280362193939,0.44683393070489846,0.45169082125603865,0.44208037825059104,0.871993364666851,0.3655044199664168,28
expanded_24,2,0.7654379938262069,0.4407744874715262,0.42527472527472526,0.4574468085106383,0.8642521426596627,0.35815932430649605,25
expanded_24,3,0.7803738317757016,0.43605359317904996,0.45031446540880504,0.42266824085005905,0.871993364666851,0.3718773088559503,24
expanded_24,4,0.7668905538822046,0.46016713091922007,0.4351949420442571,0.48817966903073284,0.8660306926586478,0.38222420101196497,27
expanded_24,5,0.7662146881074515,0.4689966178128523,0.4482758620689655,0.491725768321513,0.8697635835752799,0.37724684974679745,27
expanded_25,1,0.21359223300970873,0.47635524798154555,0.4650900900900901,0.48817966903073284,0.8744816145977329,0.3946578402437459,32
expanded_25,2,0.25925925925925924,0.4314214463840399,0.45646437994722955,0.408983451536643,0.8739286701686481,0.36452453652090283,32
expanded_25,3,0.18840579710144928,0.46080191502094553,0.4672330097087379,0.45454545454545453,0.8754492673486315,0.3846395613728628,32
expanded_25,4,0.21428571428571427,0.4585308056872038,0.45961995249406173,0.4574468085106383,0.8736347297110466,0.3787949441681825,32
expanded_25,5,0.2,0.46235921754593956,0.4637336504161712,0.46099290780141844,0.8746025162449882,0.39316766491044414,32
expanded_26,1,0.4835164835164835,0.44749403341288785,0.45180722891566266,0.4432624113475177,0.871993364666851,0.35423740676237386,20
expanded_26,2,0.4275,0.45242165242165244,0.4367436743674367,0.46926713947990545,0.8671551009123583,0.3624420513699497,21
expanded_26,3,0.48484848484848486,0.44090630740967546,0.4580152671755725,0.42502951593860683,0.8737904340613768,0.37306705292864994,22
expanded_26,4,0.3930635838150289,0.4606804238706079,0.43611404435058077,0.48817966903073284,0.8663072030969169,0.38178602476985757,22
expanded_26,5,0.39571797711332596,0.4701912260967379,0.44849785407725323,0.4940898345153664,0.8697635835752799,0.37358030042972395,22
expanded_27,1,0.36649214659685864,0.46215139442231074,0.4456641053787047,0.4799054373522459,0.8693668786286978,0.39351255563989684,64
expanded_27,2,0.4051724137931034,0.4498229043683589,0.4492924528301887,0.450354609929078,0.8711639480232236,0.3832119349917608,64
expanded_27,3,0.4,0.4464720194647202,0.4604767879548306,0.4332939787485242,0.8742051423831905,0.3804549438562963,64
expanded_27,4,0.3829787234042553,0.4571092831962397,0.4544392523364486,0.4598108747044917,0.8722521775197014,0.3974112184836912,64
expanded_27,5,0.3576158940397351,0.45949214026602175,0.47029702970297027,0.4491725768321513,0.876399834093737,0.4024375394195182,64
expanded_28,1,0.5669291338582677,0.48049052396878483,0.45464135021097046,0.5094562647754137,0.8711639480232236,0.39487858084148647,66
expanded_28,2,0.6178861788617886,0.4701834862385321,0.45657015590200445,0.4846335697399527,0.8722698368813934,0.390535518962706,66
expanded_28,3,0.6342857142857142,0.4556354916067146,0.4628501827040195,0.448642266824085,0.8744816145977329,0.3939540090999887,52
expanded_28,4,0.5806451612903226,0.47909604519774013,0.4588744588744589,0.5011820330969267,0.8725286879579705,0.4050511080778634,75
expanded_28,5,0.6141078838174274,0.4826325411334552,0.4981132075471698,0.46808510638297873,0.8826213189547906,0.41010726238040723,72
expanded_29,1,0.4028776978417266,0.446869615163699,0.4346368715083799,0.4598108747044917,0.8668786286978158,0.3849872882318851,124
expanded_29,2,0.4731182795698925,0.4398976982097187,0.479108635097493,0.4066193853427896,0.8789051700304119,0.38683584240741825,122
expanded_29,3,0.3841059602649007,0.4477441462021702,0.4336283185840708,0.4628099173553719,0.866325684268731,0.39559278680714377,128
expanded_29,4,0.36633663366336633,0.4679935449166218,0.42941757156959526,0.5141843971631206,0.8632655882759575,0.4042064432539587,128
expanded_29,5,0.3937007874015748,0.4667783361250698,0.44232804232804235,0.4940898345153664,0.8679662657265311,0.4069441170515967,128
expanded_30,1,0.6530612244897959,0.44629080118694364,0.44815256257449343,0.4444444444444444,0.8710257119159525,0.3711369036944999,40
expanded_30,2,0.6178861788617886,0.4407744874715262,0.42527472527472526,0.4574468085106383,0.8642521426596627,0.36319960178959065,36
expanded_30,3,0.6530612244897959,0.4398541919805589,0.4530663329161452,0.42739079102715466,0.8725463090959359,0.37297734151889395,34
expanded_30,4,0.5283018867924528,0.4581066376496192,0.42439516129032256,0.49763593380614657,0.8622978017420158,0.3842978759746585,44
expanded_30,5,0.5238095238095238,0.4720982142857143,0.44714587737843553,0.5,0.8692105626987419,0.38858646597977,39
expanded_31,1,0.7522218254363817,0.4789053591790194,0.46255506607929514,0.49645390070921985,0.8736521979541056,0.39339541460647454,76
expanded_31,2,0.753135864986759,0.46930579460699945,0.4559643255295429,0.483451536643026,0.8721316007741222,0.38616208359332305,70
expanded_31,3,0.7660091426987834,0.4655274012964054,0.4647058823529412,0.46635182998819363,0.8746198507050041,0.3880388359826963,75
expanded_31,4,0.7676233149213955,0.46517262265293763,0.47701863354037266,0.45390070921985815,0.8779206415042168,0.4025315385893631,76
expanded_31,5,0.7501541442790461,0.48535564853556484,0.4909310761789601,0.4799054373522459,0.8809622563251763,0.4061311284110763,79
expanded_32,1,0.5743589743589743,0.4469879518072289,0.4557739557739558,0.4385342789598109,0.8730992535250207,0.375517453954125,47
expanded_32,2,0.6423357664233577,0.4398976982097187,0.479108635097493,0.4066193853427896,0.8789051700304119,0.37500680930462604,52
expanded_32,3,0.5550239234449761,0.44727694090382386,0.4391353811149033,0.4557260920897285,0.8681227536632569,0.397019684598649,53
expanded_32,4,0.5362318840579711,0.46162790697674416,0.45423340961098396,0.46926713947990545,0.8719756670814324,0.3977066441494984,52
expanded_32,5,0.5785123966942148,0.45941070354780517,0.4675642594859241,0.4515366430260047,0.8757085579980645,0.3966072314827788,50
expanded_33,1,0.2127659574468085,0.4533492822966507,0.45883777239709445,0.44799054373522457,0.8736521979541056,0.36644543781146455,66
expanded_33,2,0.22,0.42492211838006233,0.4492753623188406,0.4030732860520095,0.8724080729886646,0.3481410601557336,52
expanded_33,3,0.2457627118644068,0.4325032765399738,0.48600883652430044,0.38961038961038963,0.8802875311031242,0.3665609969780585,47
expanded_33,4,0.22549019607843138,0.4306651634723788,0.41163793103448276,0.4515366430260047,0.8603622286741325,0.37356472360864346,73
expanded_33,5,0.21774193548387097,0.4429447852760736,0.4604591836734694,0.42671394799054374,0.8744642610258537,0.37205652483510593,69
expanded_34,1,0.4028776978417266,0.446869615163699,0.4346368715083799,0.4598108747044917,0.8668786286978158,0.3786780222499054,64
expanded_34,2,0.4731182795698925,0.4398976982097187,0.479108635097493,0.4066193853427896,0.8789051700304119,0.3783693191474926,64
expanded_34,3,0.3841059602649007,0.44727694090382386,0.4391353811149033,0.4557260920897285,0.8681227536632569,0.39807163627156844,64
expanded_34,4,0.36633663366336633,0.4603438713255685,0.4336468129571578,0.4905437352245863,0.8654776717821098,0.3999392433330635,64
expanded_34,5,0.3937007874015748,0.4657534246575342,0.4503311258278146,0.48226950354609927,0.8705931148900871,0.40224634661447695,64
expanded_35,1,0.26732673267326734,0.4479495268138801,0.4803788903924222,0.41962174940898345,0.8790434061376832,0.38426368709054065,128
expanded_35,2,0.2727272727272727,0.43300248138957814,0.4556135770234987,0.41252955082742315,0.8736521979541056,0.3708220132171818,128
expanded_35,3,0.2824427480916031,0.438732815301853,0.4443099273607748,0.4332939787485242,0.8701962952723251,0.4040046622896442,128
expanded_35,4,0.24358974358974358,0.4692556634304207,0.43154761904761907,0.5141843971631206,0.86395686437163,0.40531201231969605,128
expanded_35,5,0.21568627450980393,0.45631608235948806,0.43112513144058884,0.4846335697399527,0.8649246509055717,0.3979713635423501,128
expanded_36,1,0.42934051144010765,0.4083011583011583,0.3450244698205546,0.5,0.8305225324854852,0.32863691543068596,18
expanded_36,2,0.44022644022644025,0.30835486649440136,0.5682539682539682,0.2115839243498818,0.888996405861211,0.32940893348662503,17
expanded_36,3,0.41689373297002724,0.42167487684729066,0.3617920540997464,0.5053128689492326,0.8377108100635886,0.3525539746280988,17
expanded_36,4,0.42894910773298084,0.32377740303541314,0.5647058823529412,0.22695035460992907,0.8891193142541131,0.35034933710396654,19
expanded_36,5,0.3548387096774194,0.4198136341343796,0.35875943000838223,0.5059101654846335,0.83644407576386,0.3472285424461249,20
expanded_37,1,0.24242424242424243,0.3988995873452545,0.4769736842105263,0.34278959810874704,0.8791816422449544,0.32166685931799055,34
expanded_37,2,0.2125,0.39014373716632444,0.4634146341463415,0.33687943262411346,0.8768316284213437,0.2986005988634439,34
expanded_37,3,0.2633390705679862,0.42115572967678744,0.3598326359832636,0.5076741440377804,0.8366049212054188,0.35493562259913314,35
expanded_37,4,0.22,0.43278084714548803,0.35444947209653094,0.5555555555555556,0.8296695700262685,0.3483920827941777,34
expanded_37,5,0.21568627450980393,0.4192200557103064,0.5101694915254237,0.3557919621749409,0.8846951472418084,0.3325097543700055,37
expanded_38,1,0.23265306122448978,0.4279228149829739,0.4115720524017467,0.44562647754137114,0.860658003870611,0.36199079742349477,44
expanded_38,2,0.25,0.40107671601615075,0.465625,0.35224586288416077,0.8769698645286149,0.33397154590784695,41
expanded_38,3,0.24299065420560748,0.4194341943419434,0.43774069319640563,0.4025974025974026,0.869505114735969,0.379891586208783,67
expanded_38,4,0.23853211009174313,0.43638525564803804,0.43899521531100477,0.43380614657210403,0.8689340522604728,0.38113744603405364,70
expanded_38,5,0.22443181818181818,0.4297082228116711,0.48942598187311176,0.3829787234042553,0.8811005115443108,0.3584833209275764,47
expanded_39,1,0.6483863762218105,0.4314420803782506,0.4314420803782506,0.4314420803782506,0.8670168648050871,0.34810720591987787,17
expanded_39,2,0.7923621417456029,0.4170731707317073,0.43073047858942065,0.40425531914893614,0.8678462814487145,0.34453573065219056,17
expanded_39,3,0.7017208193173267,0.42233632862644416,0.46272855133614627,0.3884297520661157,0.8755875034559026,0.36278588664483075,18
expanded_39,4,0.6856809307193764,0.43638525564803804,0.43899521531100477,0.43380614657210403,0.8689340522604728,0.3614876123624504,16
expanded_39,5,0.6815909973852935,0.4485645933014354,0.4539951573849879,0.4432624113475177,0.8725286879579705,0.35887518390118645,17
expanded_40,1,0.3853211009174312,0.47398190045248867,0.4544468546637744,0.49527186761229314,0.8714404202377661,0.38521721816366555,36
expanded_40,2,0.4329159212880143,0.47800925925925924,0.46825396825396826,0.48817966903073284,0.8753110312413602,0.39026160296980417,35
expanded_40,3,0.46060606060606063,0.4573170731707317,0.4728877679697352,0.4427390791027155,0.8769698645286149,0.40337885621723435,40
expanded_40,4,0.3917525773195876,0.4721311475409836,0.43902439024390244,0.5106382978723404,0.8664454583160515,0.4027714473827464,44
expanded_40,5,0.4489795918367347,0.48597014925373133,0.49095295536791317,0.48108747044917255,0.8809622563251763,0.4084300287590208,44
expanded_41,1,0.6531713900134952,0.4422360248447205,0.46596858638743455,0.42080378250591016,0.8758639756704452,0.3459343055303429,14
expanded_41,2,0.5859676175790285,0.44042420461634435,0.4663143989431968,0.41725768321513,0.8760022117777163,0.34889145477790473,14
expanded_41,3,0.5561497326203209,0.4561186650185414,0.4785992217898833,0.43565525383707204,0.8783522256013271,0.36977328442521884,16
expanded_41,4,0.5362318840579711,0.4515322076297686,0.47941567065073043,0.42671394799054374,0.8787501728190239,0.3678896787028094,15
expanded_41,5,0.5314009661835749,0.4639898024219248,0.5034578146611342,0.4302600472813239,0.8837273607078667,0.36805219796167127,16
expanded_42,1,0.60075329566855,0.4083011583011583,0.3450244698205546,0.5,0.8305225324854852,0.3189306613530418,12
expanded_42,2,0.5859676175790285,0.40924741760944416,0.35046335299073295,0.491725768321513,0.8339784351672657,0.32337207716533534,13
expanded_42,3,0.48316831683168315,0.41639496972519796,0.34384615384615386,0.5277449822904369,0.8267901575891623,0.3387028223799946,14
expanded_42,4,0.6003700277520814,0.32377740303541314,0.5647058823529412,0.22695035460992907,0.8891193142541131,0.3437508328968477,13
expanded_42,5,0.5598425196850394,0.4198136341343796,0.35875943000838223,0.5059101654846335,0.83644407576386,0.3345673940941724,13
expanded_43,1,0.8067396622517783,0.4156510583707505,0.4544179523141655,0.3829787234042553,0.8740669062759193,0.3597648225339302,64
expanded_43,2,0.7923621417456025,0.4170731707317073,0.43073047858942065,0.40425531914893614,0.8678462814487145,0.3578481898617186,64
expanded_43,3,0.7017208193173263,0.4232469993682881,0.45516304347826086,0.3955135773317591,0.8737904340613768,0.37898982679428894,64
expanded_43,4,0.6856809307193764,0.43638525564803804,0.43899521531100477,0.43380614657210403,0.8689340522604728,0.373799731015505,64
expanded_43,5,0.7215158622392306,0.4485645933014354,0.4539951573849879,0.4432624113475177,0.8725286879579705,0.3834808554058262,64
expanded_44,1,0.19602272727272727,0.43261231281198004,0.40752351097178685,0.46099290780141844,0.8585844622615427,0.3495363294124723,14
expanded_44,2,0.2718600953895072,0.40053763440860213,0.46417445482866043,0.35224586288416077,0.8766933923140724,0.3211854497463895,12
expanded_44,3,0.32,0.4398541919805589,0.4530663329161452,0.42739079102715466,0.8725463090959359,0.37229714931254176,24
expanded_44,4,0.22641509433962265,0.46187845303867403,0.4336099585062241,0.4940898345153664,0.8653394165629753,0.3818510397038296,24
expanded_44,5,0.21568627450980393,0.43889618922470436,0.4940828402366864,0.3947990543735225,0.8819300428591179,0.3316995789540453,11
expanded_45,1,0.6167400881057269,0.47398190045248867,0.4544468546637744,0.49527186761229314,0.8714404202377661,0.37703768689404926,32
expanded_45,2,0.6423357664233577,0.465423932651834,0.47368421052631576,0.4574468085106383,0.8771081006358861,0.38325439087054247,32
expanded_45,3,0.6342857142857142,0.4736238532110092,0.4604236343366778,0.48760330578512395,0.8730992535250207,0.39014254105950247,32
expanded_45,4,0.5547445255474452,0.47523584905660377,0.47411764705882353,0.47635933806146574,0.8769528549702751,0.3960375425893748,32
expanded_45,5,0.4766214177978884,0.4727080021197668,0.42843419788664744,0.5271867612293144,0.8624360569611503,0.39385173169846255,32
expanded_46,1,0.7394993210967601,0.4083011583011583,0.3450244698205546,0.5,0.8305225324854852,0.32168542298056046,17
expanded_46,2,0.720872003873057,0.40713224368499257,0.35038363171355497,0.4858156028368794,0.8345313795963506,0.32423579907506317,16
expanded_46,3,0.7296552233904017,0.4205838693715982,0.36201022146507666,0.5017709563164109,0.8381255183854023,0.3420336189341777,15
expanded_46,4,0.7062879926193565,0.42780748663101603,0.3633360858794385,0.5200945626477541,0.8372736070786673,0.34603671865509544,17
expanded_46,5,0.7059607976175359,0.4198136341343796,0.35875943000838223,0.5059101654846335,0.83644407576386,0.336549449396049,18
expanded_47,1,0.35,0.4031954887218045,0.3346333853354134,0.5070921985815603,0.8244401437655515,0.3326570017486563,49
expanded_47,2,0.3181818181818182,0.40492610837438425,0.3471283783783784,0.4858156028368794,0.8330107824163672,0.3231026074851574,43
expanded_47,3,0.34782608695652173,0.4209486166007905,0.3619371282922685,0.5029515938606848,0.837987282278131,0.3469995114333322,48
expanded_47,4,0.3076923076923077,0.4283660757067561,0.36019339242546333,0.5283687943262412,0.8350615235725148,0.3489725053078571,50
expanded_47,5,0.3225806451612903,0.4180478821362799,0.34238310708898945,0.5366430260047281,0.8252454030139638,0.3508512524025542,54
expanded_48,1,0.5632183908045977,0.3943798449612403,0.3341543513957307,0.48108747044917255,0.827204865910976,0.3122339873089441,14
expanded_48,2,0.5046153846153846,0.39339622641509436,0.32731554160125587,0.4929078014184397,0.822228366049212,0.31682235621284943,14
expanded_48,3,0.5561497326203209,0.4111111111111111,0.3592233009708738,0.4805194805194805,0.8388166989217584,0.3371202704877575,14
expanded_48,4,0.5517241379310345,0.41762643965948926,0.3622936576889661,0.4929078014184397,0.8392091801465505,0.3390905293478044,15
expanded_48,5,0.5598425196850394,0.4092976250631632,0.3574580759046778,0.4787234042553192,0.8383796488317434,0.3323770597676551,16
