threshold,precision,recall,f1
0.0,0.1169818624198186,1.0,0.2094606302136191
0.0131147540983606,0.1201465412796399,0.9844008508626804,0.214155333316194
0.0294117647058823,0.1204714604268628,0.983219097140156,0.214643207264847
0.0296296296296296,0.1205525567357362,0.9818009926731268,0.2147380392359585
0.0350877192982456,0.1206661047981632,0.9813282911841172,0.2149068322981366
0.0392156862745098,0.1208116212046228,0.9808555896951076,0.2151262246643512
0.0408163265306122,0.1209303681249817,0.9806192389506028,0.2153087701089777
0.041407867494824,0.1215649470627914,0.9796738359725832,0.2162909622208307
0.0444444444444444,0.122209096278795,0.9780193807610494,0.2172691711952954
0.0470588235294117,0.122294500295683,0.9775466792720398,0.2173924469790544
0.0481927710843373,0.1225513475008904,0.9758922240605058,0.2177570339899269
0.048526863084922,0.1227001159230746,0.9756558733160008,0.2179859534245128
0.0579710144927536,0.1236541402993132,0.9744741195934769,0.2194602650769148
0.0606060606060606,0.1237726330961174,0.9742377688489718,0.2196408589545478
0.0615384615384615,0.1241970021413276,0.9732923658709524,0.2202845832887557
0.0677966101694915,0.1246629707049592,0.972583313637438,0.2209989258861439
0.0698689956331877,0.1247271404317244,0.9723469628929332,0.2210936450356039
0.08130081300813,0.1251831501831501,0.96927440321437,0.221729609905112
0.0813464235624123,0.1253675569713305,0.9673835972583312,0.2219691423303234
0.084084084084084,0.1274899152568873,0.963601985346254,0.2251864125932062
0.0869565217391304,0.1278854307339593,0.9624202316237296,0.2257706808605012
0.0892193308550185,0.1278495739395654,0.9610021271567004,0.2256757506799134
0.0934730056406124,0.129020979020979,0.9593476719451668,0.227452298898882
0.0991150442477876,0.1331131296449215,0.952493500354526,0.2335825653509534
0.0991735537190082,0.1337660176402063,0.9498936421649729,0.2345081106313455
0.099502487562189,0.1341483782610148,0.9491845899314584,0.2350737532193865
0.1038961038961039,0.1344208481275541,0.9484755376979438,0.2354701481590142
0.1156228492773571,0.1345631393593828,0.9482391869534388,0.2356811372848499
0.1200244947948561,0.1366644946671696,0.941857716851808,0.2386942198262953
0.1236203090507726,0.139247633458845,0.9352398960056724,0.2424038225925018
0.1255605381165919,0.1399255715045188,0.9331127393051288,0.2433581951550268
0.1257861635220125,0.1404917389287371,0.9305128811155756,0.2441247597197247
0.1302325581395348,0.1410440269611358,0.9298038288820608,0.2449335367182392
0.1304347826086956,0.1415431230386321,0.9274403214370124,0.2456030543906865
0.1357702349869451,0.1416961641262732,0.9272039706925076,0.2458251088761474
0.138996138996139,0.1427683305906015,0.9227133065469156,0.2472764124651634
0.1438356164383561,0.142925377521402,0.9194043961238478,0.2473925209870262
0.1455190771960958,0.1436611374407582,0.9170408886787992,0.2484074394186753
0.146788990825688,0.1458702788363581,0.9137319782557316,0.251578056875122
0.1491841491841491,0.1458868894601542,0.9120775230441976,0.2515399406837663
0.156701030927835,0.1462838866890039,0.9080595603876152,0.2519757337268404
0.1585365853658536,0.1467393390396499,0.9035688962420232,0.2524765552767138
0.1609657947686116,0.147466862464737,0.9019144410304892,0.2534874451972898
0.1659751037344398,0.1507266103526962,0.8898605530607422,0.2577884286203355
0.1666666666666666,0.1526204254625479,0.8851335381706452,0.2603496819493204
0.1735849056603773,0.1527970600244998,0.8844244859371307,0.2605758852407646
0.1739130434782608,0.1547198069642634,0.8789884188135193,0.263124380925428
0.1755725190839694,0.1550141832137493,0.8782793665800047,0.2635180654540297
0.1760660247592847,0.1558118974445333,0.874734105412432,0.2645082904516867
0.1765834932821497,0.1570008108223445,0.8695343890333255,0.2659774436090225
0.1787709497206704,0.1580261798139855,0.8674072323327818,0.2673465671098161
0.1798298906439854,0.1583610666897177,0.8659891278657528,0.2677579655071617
0.1915285451197053,0.1643766371030743,0.8454266130938313,0.2752385349338258
0.1923076923076923,0.1659841786877617,0.8430631056487828,0.2773609113176004
0.1964285714285714,0.1660759257531946,0.8416450011817537,0.2774120671522611
0.1975308641975308,0.1670589342873281,0.8388087922476956,0.2786261040235525
0.1987261146496815,0.167987096162057,0.8369179862916568,0.2798103516396681
0.2024432809773124,0.1696191533523193,0.830536516190026,0.281705948372615
0.2083333333333333,0.1795020571790273,0.8043015835499882,0.293501229031006
0.2152466367713004,0.1798507857558601,0.8033561805719688,0.2939040207522698
0.2177576150356448,0.1807794981313401,0.8002836208934058,0.2949348895954009
0.2199312714776632,0.1849765258215962,0.7915386433467265,0.2998746418338109
0.2222222222222222,0.186003476700499,0.7839754195225715,0.300670775924583
0.2232558139534883,0.1864626118269285,0.783266367289057,0.3012179603708417
0.2266009852216748,0.1875390824853618,0.7797211061214843,0.3023554211346347
0.2266666666666666,0.1888059701492537,0.7773575986764358,0.3038196850030022
0.2271604938271605,0.189207926512219,0.774048688253368,0.3040854224698236
0.2330809818765772,0.1903901102105079,0.7716851808083195,0.3054256314312441
0.2356902356902357,0.2046137759769964,0.7400141810446703,0.3205856755234731
0.2401847575057736,0.2065043894652833,0.7338690616875443,0.3223127627549696
0.2406417112299465,0.2079720373731263,0.7312692034979911,0.3238434163701068
0.2571428571428571,0.2117008858064959,0.7286693453084377,0.3280834308821964
0.2573099415204678,0.2138688160088938,0.7274875915859135,0.3305589861998603
0.2580645161290322,0.2147102006572047,0.7258331363743796,0.3313909571598144
0.2583222370173103,0.2153576437587658,0.7258331363743796,0.3321615921258991
0.2654867256637168,0.2224175824175824,0.71756086031671,0.339578323359991
0.2656546489563567,0.2234026855540799,0.7156700543606712,0.3405116671352263
0.2671009771986971,0.22546894850908,0.7130701961711179,0.3426073131955484
0.267379679144385,0.2276534186081924,0.7066887260694871,0.3443708609271523
0.2805755395683453,0.2298328068418214,0.7050342708579532,0.346658919233004
0.2828282828282828,0.2319736945118609,0.7003072559678563,0.3485062338273347
0.2877697841726618,0.2352424315041137,0.6960529425667691,0.3516417910447761
0.2962962962962963,0.2412964190981432,0.6880170172536043,0.3572875115065971
0.3009523809523809,0.2416140817004317,0.6877806665090995,0.3576036866359447
0.3076923076923077,0.2517121764653562,0.6688726069487119,0.365774848132351
0.3107769423558897,0.2517812611328821,0.6681635547151974,0.3657416391745908
0.3127572016460905,0.2593694782851297,0.6591822264240133,0.3722637479978644
0.3130434782608696,0.2629081245254366,0.6546915622784212,0.3751608315839371
0.3197278911564626,0.2634844868735083,0.6523280548333728,0.3753569971440228
0.320754716981132,0.2673180263800684,0.6466556369652564,0.378266279552053
0.3265306122448979,0.2700497512437811,0.6414559205861499,0.3800854281913031
0.3345454545454545,0.2703187250996016,0.6414559205861499,0.3803517623151846
0.337468982630273,0.2721875628899174,0.6393287638856062,0.3818194650292892
0.3409090909090909,0.2749488752556237,0.6355471519735287,0.3838412675754764
0.3421052631578947,0.2780208333333333,0.6308201370834318,0.385944617164341
0.3428571428571428,0.2875178394993962,0.6190025998581895,0.3926536731634183
0.3461753210496929,0.287253931595733,0.6173481446466557,0.3920744521164815
0.3462246777163904,0.3042909782479496,0.6050579059324037,0.4049351471053464
0.3491505565319273,0.3101597755823881,0.6010399432758213,0.4091713596138374
0.3636363636363636,0.3259435207178675,0.5837863389269676,0.4183250063510882
0.366412213740458,0.3257565746002379,0.5826045852044434,0.4178674351585014
0.3703703703703703,0.329867674858223,0.5774048688253368,0.4198676634871531
0.3773584905660377,0.3310719131614654,0.5766958165918222,0.4206533919489699
0.400679117147708,0.3333789329685362,0.5759867643583078,0.4223204228403084
0.4082201323580633,0.3397949150161539,0.5717324509572205,0.4262555066079294
0.4144736842105263,0.3727168010531512,0.5353344363034743,0.4394644935972061
0.4210526315789473,0.3806033748082495,0.5277712124793194,0.4422657952069717
0.4271844660194174,0.3827669069687607,0.5270621602458048,0.4434722084120512
0.4295302013422818,0.3841242450388266,0.5261167572677854,0.4440454817474566
0.4324324324324324,0.3868943882886023,0.5246986528007563,0.4453806801083358
0.4516129032258064,0.3868600384413769,0.5232805483337273,0.4448462929475587
0.4545454545454545,0.3920595533498759,0.5228078468447176,0.44809075255748
0.4615384615384615,0.3927556818181818,0.5228078468447176,0.4485450674237047
0.4731182795698925,0.3953363228699552,0.5209170408886789,0.4495207016112584
0.4745762711864407,0.4026022304832714,0.5119357125974947,0.4507335344917282
0.4824902723735408,0.4035807534502051,0.511463011108485,0.4511623058480142
0.4853556485355648,0.4077375308173715,0.5081541006854171,0.4524410774410774
0.4866920152091255,0.4159516380655226,0.5041361380288348,0.4558179292659472
0.4912280701754385,0.4195527409459726,0.5010635783502718,0.4566996984058595
0.4976377952755905,0.4204049225883287,0.5005908768612621,0.4570072283957277
0.5070422535211268,0.4286008654440552,0.491609548570078,0.4579480405107882
0.5128205128205128,0.4307022995649471,0.4913731978255731,0.4590417310664605
0.5161290322580645,0.4322245322245322,0.4913731978255731,0.4599048777790068
0.5405405405405406,0.4339622641509434,0.4892460411250295,0.4599488945672703
0.5463414634146342,0.4342436974789916,0.488536988891515,0.4597931264597932
0.5517241379310345,0.4367303609341826,0.4861734814464665,0.4601275025164971
0.5591397849462365,0.4383795309168443,0.4859371307019617,0.4609348727721107
0.56,0.4423326133909287,0.4840463247459229,0.4622503103487191
0.5619834710743802,0.4437215354586857,0.4835736232569133,0.462791223705044
0.5641025641025641,0.4462177525142107,0.482391869534389,0.4636002271436684
0.5714285714285714,0.4479806848112379,0.482391869534389,0.4645499032661886
0.579185520361991,0.4491413474240422,0.4821555187898841,0.4650632622820015
0.5838264299802761,0.4515768284500112,0.4771921531552824,0.4640312571822569
0.5925925925925926,0.4591789667896679,0.4705743323091467,0.4648068168553753
0.6,0.4594407210538479,0.4698652800756322,0.4645945314325777
0.6041666666666666,0.4607706592386258,0.4691562278421177,0.464925635320295
0.6233766233766234,0.4624346172135045,0.4597021980619239,0.4610643593694442
0.631578947368421,0.4634670487106017,0.4587567950839045,0.4610998930989428
0.6323024054982818,0.4654510556621881,0.4585204443393996,0.4619597571139421
0.64,0.468918257464513,0.4528480264712833,0.4607430563905255
0.6428571428571429,0.4711964549483013,0.4523753249822737,0.4615941155191125
0.6511627906976745,0.4721741281226811,0.4511935712597494,0.4614454919023447
0.6557377049180327,0.4738148423926532,0.4511935712597494,0.462227602905569
0.6588235294117647,0.4753486055776892,0.4511935712597494,0.4629562265066085
0.6593406593406593,0.47625,0.4502481682817301,0.4628842181994897
0.6666666666666666,0.4769927080714106,0.4483573623256913,0.4622319688109161
0.6709677419354839,0.4785461887935386,0.4481210115811865,0.4628341266935188
0.675,0.4807238394964594,0.4332309146773812,0.4557434112381899
0.6779661016949152,0.4815894039735099,0.4296856535098085,0.4541593804646515
0.6909090909090909,0.4820812317494027,0.4292129520207988,0.4541135283820955
0.6946107784431138,0.4822429906542056,0.4268494445757504,0.4528585757271815
0.6993755575379126,0.4836795252225519,0.4237768848971874,0.4517510707986898
0.7044025157232704,0.4927409988385598,0.4010872134247223,0.442214983713355
0.7053364269141531,0.4945668135095448,0.3980146537461593,0.4410686223153483
0.72,0.5029696780243826,0.3802883479082959,0.4331090174966353
0.7261538461538461,0.5043942247332078,0.3798156464192862,0.4333288391532965
0.7272727272727273,0.5058139534883721,0.3701252658945875,0.4274600791592739
0.7310704960835509,0.5060045439792276,0.3684708106830536,0.4264223194748359
0.7317073170731707,0.513840830449827,0.3509808555896951,0.4170762533352057
0.7333333333333333,0.5160267699894329,0.3462538406995982,0.4144271570014144
0.7346938775510204,0.5180897250361794,0.3384542661309383,0.4094353109363831
0.736,0.5185322461082283,0.3306546915622784,0.4038100736036946
0.7455197132616488,0.5202247191011236,0.3282911841172299,0.4025503550210114
0.75,0.545583372697213,0.2729851099030962,0.3638941398865785
0.7553648068669528,0.5466222645099905,0.2715670054360671,0.3628612032212222
0.7586206896551724,0.5517073170731708,0.2673126920349799,0.360133736666136
0.7732793522267206,0.5555555555555556,0.2647128338454266,0.3585721146150152
0.78,0.5959849435382685,0.2245332072796029,0.3261802575107296
0.7947882736156352,0.599483204134367,0.2193334909004963,0.3211628309396089
0.8,0.6055480378890392,0.2115339163318364,0.3135400245226835
0.8012618296529969,0.6095890410958904,0.2103521626093122,0.3127745563169917
0.8062015503875969,0.6119402985074627,0.193807610493973,0.294381619098905
0.8070175438596491,0.6163859111791731,0.1902623493264003,0.2907711757269279
0.8073394495412844,0.6206896551724138,0.1871897896478374,0.2876339204648629
0.808641975308642,0.6211278792692613,0.1848262822027889,0.2848816029143898
0.8115942028985508,0.6275197195442594,0.1692271330654691,0.2665673864482502
0.8135593220338984,0.6320501342882722,0.1668636256204207,0.2640239341810023
0.8163265306122449,0.640294388224471,0.1645001181753722,0.2617525385483264
0.8222996515679443,0.6417910447761194,0.1626093122193335,0.2594757684329625
0.8288288288288288,0.6491575817641229,0.1548097376506736,0.25
0.8301886792452831,0.6518668012108981,0.15268258095013,0.247414783607813
0.8421052631578947,0.6551373346897253,0.1522098794611203,0.2470272343690065
0.8674698795180723,0.6666666666666666,0.1474828645710234,0.2415328043352041
0.8717948717948718,0.6750272628135223,0.1463011108484991,0.2404817404817404
0.8735632183908046,0.6784530386740332,0.1451193571259749,0.2390965732087227
0.8953771289537713,0.6800445930880713,0.1441739541479555,0.2379095163806552
0.9045801526717556,0.6545454545454545,0.0935948948239187,0.1637717121588089
0.9048433048433048,0.6902985074626866,0.0437248877333963,0.0822404978884196
