candidate,fold,threshold,inner_target_feasible,accuracy,precision,recall,f1
expanded_28_recall,1,0.3687064291247095,False,0.836051976776334,0.3712121212121212,0.5791962174940898,0.45244690674053556
expanded_28_recall,2,0.3816793893129771,False,0.8218136577273984,0.34412385643912735,0.5780141843971631,0.43140714600794
expanded_28_recall,3,0.4010416666666667,False,0.8400608238871994,0.3741883116883117,0.5442739079102715,0.4434824434824435
expanded_28_recall,4,0.3702989392478303,False,0.8289782939305959,0.36124911284599004,0.6016548463356974,0.4514412416851441
expanded_28_recall,5,0.6141078838174274,False,0.8826213189547906,0.4981132075471698,0.46808510638297873,0.4826325411334552
expanded_40_recall,1,0.22123893805309736,False,0.8484932264307438,0.3929794520547945,0.5425531914893617,0.4558093346573982
expanded_40_recall,2,0.20238095238095238,False,0.8207077688692287,0.3424178895877009,0.5791962174940898,0.43039086517347386
expanded_40_recall,3,0.21524663677130046,False,0.8529167818634227,0.4014532243415077,0.5218417945690673,0.4537987679671458
expanded_40_recall,4,0.3917525773195876,False,0.8664454583160515,0.43902439024390244,0.5106382978723404,0.4721311475409836
expanded_40_recall,5,0.4489795918367347,False,0.8809622563251763,0.49095295536791317,0.48108747044917255,0.48597014925373133
expanded_31_recall,1,0.5258238367074772,False,0.8368813934199613,0.37232415902140675,0.5756501182033097,0.4521819870009285
expanded_31_recall,2,0.5042412296032259,False,0.822781310478297,0.34450784593437944,0.5709219858156028,0.4297153024911032
expanded_31_recall,3,0.5148820401489469,False,0.8356372684545204,0.36363636363636365,0.538370720188902,0.43407900999524035
expanded_31_recall,4,0.5140015262302889,False,0.8011889948845569,0.31929181929181927,0.6182033096926713,0.4210950080515298
expanded_31_recall,5,0.5249086192973821,False,0.7922024056408129,0.30867792661619103,0.6264775413711584,0.41357783847054236
expanded_11_recall,1,0.36923076923076925,False,0.8255460326237213,0.35352112676056335,0.5933806146572104,0.44307149161518095
expanded_11_recall,2,0.6153846153846154,False,0.8718551285595798,0.4561213434452871,0.49763593380614657,0.4759751271905031
expanded_11_recall,3,0.39344262295081966,False,0.8200165883328725,0.3383084577114428,0.5619834710743802,0.422360248447205
expanded_11_recall,4,0.36253776435045315,False,0.7924789160790819,0.30836746635459333,0.6229314420803782,0.41252446183953034
expanded_11_recall,5,0.6376811594202898,False,0.8833125950504631,0.5012722646310432,0.4657210401891253,0.48284313725490197
expanded_45_recall,1,0.6167400881057269,False,0.8714404202377661,0.4544468546637744,0.49527186761229314,0.47398190045248867
expanded_45_recall,2,0.6423357664233577,False,0.8771081006358861,0.47368421052631576,0.4574468085106383,0.465423932651834
expanded_45_recall,3,0.3302574065080136,False,0.830384296378214,0.3547400611620795,0.5478158205430933,0.4306264501160093
expanded_45_recall,4,0.5547445255474452,False,0.8769528549702751,0.47411764705882353,0.47635933806146574,0.47523584905660377
expanded_45_recall,5,0.4766214177978884,False,0.8624360569611503,0.42843419788664744,0.5271867612293144,0.4727080021197668
expanded_21_recall,1,0.3711340206185567,False,0.8220901299419409,0.34591194968553457,0.5851063829787234,0.43478260869565216
expanded_21_recall,2,0.35348837209302325,False,0.8240254354437379,0.3491166077738516,0.5839243498817966,0.4369747899159664
expanded_21_recall,3,0.39634146341463417,False,0.8494608791816423,0.3931095406360424,0.525383707201889,0.449722081859525
expanded_21_recall,4,0.562962962962963,False,0.8654776717821098,0.435793731041456,0.5094562647754137,0.46975476839237057
expanded_21_recall,5,0.3602015113350126,False,0.789575556477257,0.30619266055045874,0.6312056737588653,0.41235521235521233
larger_6,1,0.2558139534883721,False,0.8634227260160354,0.42557651991614254,0.4799054373522459,0.45111111111111113
larger_6,2,0.13201820940819423,False,0.8310754769145701,0.35714285714285715,0.5555555555555556,0.43478260869565216
larger_6,3,0.13559322033898305,False,0.8349460879181643,0.36477007014809043,0.5525383707201889,0.4394366197183099
larger_6,4,0.2542372881355932,False,0.8656159270012443,0.4342379958246347,0.491725768321513,0.4611973392461197
larger_6,5,0.18518518518518517,False,0.8627125673994194,0.4267198404785643,0.5059101654846335,0.4629529475392104
larger_7,1,0.32967032967032966,False,0.8097871163948023,0.3292525773195876,0.6040189125295509,0.4261884904086739
larger_7,2,0.3624161073825503,False,0.8249930881946365,0.3497854077253219,0.5780141843971631,0.4358288770053476
larger_7,3,0.35714285714285715,False,0.8223666021564833,0.34014598540145985,0.5501770956316411,0.42038791159224176
larger_7,4,0.29329608938547486,False,0.7993916770358082,0.31633272616879177,0.6158392434988179,0.4179703168872844
larger_7,5,0.3082191780821918,False,0.8181943868381032,0.3445990722332671,0.6146572104018913,0.4416135881104034
larger_8,1,0.26732673267326734,False,0.8653580315178324,0.42920353982300885,0.458628841607565,0.44342857142857145
larger_8,2,0.2702702702702703,False,0.8685374619850705,0.436670687575392,0.42789598108747046,0.43223880597014924
larger_8,3,0.15294117647058825,False,0.8179430467238042,0.33473980309423346,0.5619834710743802,0.41956809167033937
larger_8,4,0.24324324324324326,False,0.8598092077975944,0.4198473282442748,0.5200945626477541,0.46462513199577615
larger_8,5,0.26582278481012656,False,0.8722521775197014,0.45255474452554745,0.4397163120567376,0.4460431654676259
larger_9,1,0.47560975609756095,False,0.86508155930329,0.4344758064516129,0.5094562647754137,0.4689880304678999
larger_9,2,0.3559322033898305,False,0.7961017417749516,0.30740967544396813,0.5933806146572104,0.40500201694231547
larger_9,3,0.35294117647058826,False,0.8052253248548521,0.32147395171537485,0.5974025974025974,0.4180090871540686
larger_9,4,0.35294117647058826,False,0.8025715470759022,0.31925465838509315,0.607565011820331,0.4185667752442997
larger_9,5,0.5346534653465347,False,0.8740494953684501,0.46107784431137727,0.45508274231678486,0.4580606781677573
larger_10,1,0.23076923076923078,False,0.8440696709980647,0.37433155080213903,0.49645390070921985,0.4268292682926829
larger_10,2,0.25806451612903225,False,0.8634227260160354,0.4229934924078091,0.46099290780141844,0.4411764705882353
larger_10,3,0.3488372093023256,False,0.8771081006358861,0.4699140401146132,0.3872491145218418,0.42459546925566344
larger_10,4,0.28,False,0.8687957970413384,0.44371584699453553,0.4799054373522459,0.4611016467915957
larger_10,5,0.32558139534883723,False,0.8773676206276787,0.4735483870967742,0.43380614657210403,0.4528069093152375
larger_11,1,0.546875,False,0.8711639480232236,0.4524336283185841,0.483451536643026,0.4674285714285714
larger_11,2,0.3854748603351955,False,0.8338401990599945,0.35782747603833864,0.5295508274231678,0.4270734032411821
larger_11,3,0.3614457831325301,False,0.8041194359966823,0.31493506493506496,0.5726092089728453,0.40636782572266444
larger_11,4,0.5357142857142857,False,0.8665837135351859,0.436769394261424,0.4858156028368794,0.4599888080581981
larger_11,5,0.6086956521739131,False,0.8842803815844048,0.5063291139240507,0.425531914893617,0.4624277456647399
