candidate,threshold,inner_target_feasible,accuracy,precision,recall,f1
expanded_45_recall,0.5241398408764864,0.0,0.8636643458366583,0.4370845942595281,0.5008161191913609,0.4635952268793405
expanded_40_recall,0.2959197392723345,0.0,0.8539050983609245,0.41336558231916376,0.5270633943748063,0.4596200529185466
expanded_28_recall,0.42716686163392226,0.0,0.8419052142552637,0.389777321946544,0.5542448525040401,0.45228205580990366
larger_6,0.19256957131126556,0.0,0.8515545570498867,0.40168945670205786,0.5171270594868274,0.44989612526208067
expanded_11_recall,0.47565538626738946,0.0,0.8386418521291438,0.3915181317805859,0.548330500361448,0.44735489326946426
larger_11,0.48764111627118484,0.0,0.8519975356398982,0.4136589354954925,0.4993918181539071,0.4446572708230712
larger_10,0.28865047030988517,0.0,0.8661527830638006,0.43690066348317425,0.451681501391366,0.44130195284868295
larger_8,0.23992084149349915,0.0,0.8567799851088006,0.4146032206524913,0.4816638336947815,0.4411807533064924
expanded_21_recall,0.408825666084838,0.0,0.8301259345653376,0.3660248979374687,0.5670152757193376,0.44071789224374525
larger_9,0.4144155555550205,0.0,0.8286059336754892,0.3687383872614852,0.5525774461944675,0.4337253175952682
expanded_31_recall,0.5167714503974642,0.0,0.8177382745756298,0.341687622900032,0.5859247350543288,0.4301298292018688
larger_7,0.33014891233268073,0.0,0.8149465741239666,0.33602315376968567,0.5925413292918129,0.42839783680079024
